{"cameraMode":{"drawMode":0,"name":"Shaded","section":"Shading Mode"},"sceneLighting":true,"audioPlay":false,"sceneViewState":{"m_AlwaysRefresh":false,"showFog":true,"showSkybox":true,"showFlares":true,"showImageEffects":true,"showParticleSystems":true,"showVisualEffectGraphs":true,"m_FxEnabled":true},"in2DMode":false,"pivot":{"x":-0.2412382960319519,"y":0.40521419048309328,"z":-0.18730071187019349},"rotation":{"x":0.11977986246347428,"y":0.27009010314941409,"z":-0.03393736854195595,"w":0.9548291563987732},"size":0.5744562745094299,"orthographic":false}