{"cameraMode":{"drawMode":0,"name":"Shaded","section":"Shading Mode"},"sceneLighting":true,"audioPlay":false,"sceneViewState":{"m_AlwaysRefresh":false,"showFog":true,"showSkybox":true,"showFlares":true,"showImageEffects":true,"showParticleSystems":true,"showVisualEffectGraphs":true,"m_FxEnabled":true},"in2DMode":false,"pivot":{"x":12.438654899597168,"y":3.7230663299560549,"z":-7.000161170959473},"rotation":{"x":-0.17764900624752046,"y":0.37904998660087588,"z":-0.07439693808555603,"w":-0.9051088094711304},"size":0.8660253882408142,"orthographic":false}