{"cameraMode":{"drawMode":0,"name":"Shaded","section":"Shading Mode"},"sceneLighting":false,"audioPlay":false,"sceneViewState":{"m_AlwaysRefresh":false,"showFog":true,"showSkybox":false,"showFlares":true,"showImageEffects":true,"showParticleSystems":true,"showVisualEffectGraphs":true,"m_FxEnabled":true},"in2DMode":false,"pivot":{"x":-0.15569528937339784,"y":0.2944302558898926,"z":0.05920980125665665},"rotation":{"x":0.013185483403503895,"y":-0.44055473804473879,"z":-0.006474500987678766,"w":-0.8975974321365356},"size":0.5744562745094299,"orthographic":false}